,name,constraint,owner
0,Backgroundfail_LOW_bin_1-1,flatParam,Background_fail
1,Backgroundfail_LOW_bin_2-1,flatParam,Background_fail
2,Backgroundfail_SIG_bin_1-1,flatParam,Background_fail
3,Backgroundfail_HIGH_bin_1-1,flatParam,Background_fail
4,Backgroundfail_HIGH_bin_2-1,flatParam,Background_fail
69,Backgroundfail_LOW_bin_1-1,flatParam,Background_expo_pass
70,Backgroundfail_LOW_bin_2-1,flatParam,Background_expo_pass
71,Backgroundfail_SIG_bin_1-1,flatParam,Background_expo_pass
72,Backgroundfail_HIGH_bin_1-1,flatParam,Background_expo_pass
73,Backgroundfail_HIGH_bin_2-1,flatParam,Background_expo_pass
74,Backgroundrpf_expo_par0,flatParam,Background_expo_pass
75,Backgroundrpf_expo_par1,flatParam,Background_expo_pass
